[
	{
		"Name": "Heema",
		"Age": "27",
		"Gender": "Female",
		"Password": "heema",
		"Balance": 3364.5
	},
    {
		"Name": "Rushikesh",
		"Age": "15",
		"Gender": "Male",
		"Password": "rushikesh",
		"Balance": 332.0
	},
    {
		"Name": "Omkar",
		"Age": "37",
		"Gender": "Male",
		"Password": "omkar",
		"Balance": 440
	},
    {
		"Name": "Redon Roy",
		"Age": "49",
		"Gender": "Male",
		"Password": "redon",
		"Balance": 6639
	},
    {
		"Name": "Chaitra",
		"Age": "28",
		"Gender": "Female",
		"Password": "chaitra",
		"Balance": 100053
	},
    {
		"Name": "Ashish Phulwade",
		"Age": "32",
		"Gender": "Male",
		"Password": "ashish",
		"Balance": 33369
	},
    {
		"Name": "Rohan",
		"Age": "11",
		"Gender": "Male",
		"Password": "rohan",
		"Balance": "3300"
	},
    {
		"Name": "Alwyn",
		"Age": "43",
		"Gender": "Male",
		"Password": "alwyn",
        "Balance": 9800037
	},
    {
		"Name": "Sunil Gupta",
		"Age": "24",
		"Gender": "Male",
		"Password": "sunil",
		"Balance": "0"
	},
    {
		"Name": "Divya Kumari",
		"Age": "25",
		"Gender": "Female",
		"Password": "divya",
		"Balance": 49875.36
	},
    {
		"Name": "Ajeet Rai",
		"Age": "29",
		"Gender": "Male",
		"Password": "ajeet",
		"Balance": "13300.96"
	},
    {
		"Name": "Vinamra",
		"Age": "38",
		"Gender": "Male",
		"Password": "vinamra",
		"Balance": 16047
	},
    {
		"Name": "Deepika",
		"Age": "26",
		"Gender": "Female",
		"Password": "deepika",
		"Balance": 97362
	},
    {
		"Name": "Anuj Pal",
		"Age": "23",
		"Gender": "Male",
		"Password": "anuj",
		"Balance": 32145
	}
]    
	